id;nombre;email;telefono;rol;activo;proveedor_id
1;absent among;Rosario93@yahoo.com;skyscraper;except um;false;1
2;essence provided gladly;Berta_GriegoAlcantar@gmail.com;fervently round helplessly;beneath plumber;true;2
3;salty unless;Adan_LoeraCruz@gmail.com;braid er;pfft hence phooey;false;3
4;well-worn;Ester64@gmail.com;pile behest hose;unnaturally;false;4
5;veto;Guadalupe_ApodacaRios5@yahoo.com;positively fussy braid;huzzah immediately;false;5
6;flash against early;MariaEugenia_HolguinAleman33@yahoo.com;furthermore mask;minion unaccountably;false;6
7;regular vivid;Javier.PorrasBenavides39@yahoo.com;among oof;jealously;true;7
8;weatherize yuck;Blanca_OrtaBarreto@hotmail.com;gadzooks;amazing red;false;8
9;mortar distant mill;Maricarmen_BallesterosVallejo@gmail.com;finally gah;likely now;false;9
10;timely;Natalia.ArmentaLongoria@hotmail.com;as pfft;what soliloquy;false;10
11;coop hence;Margarita.CarbajalCastellanos@hotmail.com;unlike;hence;false;11
12;wetly;Maica_MarinBarela30@hotmail.com;developing;anenst willow;false;12
13;via turbulent;Vicente62@hotmail.com;anticodon;airman;true;13
14;excitedly before arrogantly;Ramona.QuinteroAlanis67@yahoo.com;but though;flowery shush;false;14
15;physically;Felipe56@hotmail.com;enrich er above;hence as hateful;false;15
16;shampoo flawless well;Sergio.CovarrubiasUrena55@hotmail.com;ha;ugh;false;16
17;ick marathon;Cristina.AmadorAlmonte24@gmail.com;transom;flight lowball excluding;true;17
18;plump;Soledad_GuardadoBernal70@yahoo.com;abaft meh;alongside though lazy;false;18
19;um insert summer;MariaLuisa.VelizSierra58@yahoo.com;midst husk;beside relative;true;19
20;huzzah upon midst;Antonio.OquendoAlfaro46@gmail.com;brr safely nerve;cake kookily;false;20
21;failing;Jose.RiosBerrios12@hotmail.com;tight;guilty er;true;21
22;eyeglasses regarding;Barbara68@hotmail.com;shocked;where;true;22
23;narrate;Mercedes_AtencioCarrasquillo66@yahoo.com;hotfoot farmer;offset um;true;23
24;scoff whoever till;Juan.VergaraGaona99@gmail.com;inwardly eek determined;eventually loosely;false;24
25;cycle than;Sergio_VacaRojo@hotmail.com;accomplished publication;excepting reorganisation ew;false;25
26;where lazily boohoo;Carles_LozanoCastaneda3@gmail.com;loftily how construe;unibody sedately;false;26
27;spherical calculus;Victoria67@yahoo.com;classic foolishly;the advocate;true;27
28;blah;Rodrigo.CintronPantoja24@gmail.com;whose;wolf haunting woot;true;28
29;ah yippee overvalue;Rocio78@yahoo.com;unethically toward;incidentally;true;29
30;wee gloat ack;Mariana.PaganValadez39@hotmail.com;cutover;phooey;false;30
